;;;;;;
;;;;;;
;;;;;;
;;;;;;
;;;;;;
Conselho Regional de Odontologia do Paraná;;;;;;
Fluxo de Caixa - Mês Maio/ 2016;;;;;;
DATA;EMPENHO;CHEQUE;; ENTRADA ; SAÍDA ;
02/05/2016;;;Prestação de Contas Uniforme; R$ 25,50 ;;
02/05/2016;;;Reembolso Ajuda de custo Uniforme; R$ 213,10 ;;
02/05/2016;;;Arrecadação; R$ 5.616,05 ;;
02/05/2016;;;Arrecadação; R$ 1.141,45 ;;
02/05/2016;;;Arrecadação Bradesco; R$ 142.498,90 ;;
02/05/2016;779;298312;Maximino Pastorello S/A - Reembolso de anuidade 2016 por cancelamento de inscrição anterior a 31/03/2016;;-R$ 2.619,90 ;
02/05/2016;;Arq. Bco;Diárias Funcionário - Alexandre - Jurídico;;-R$ 1.072,00 ;
02/05/2016;;Arq. Bco;Férias Funcionário - Sede CRO/PR;;-R$ 1.696,81 ;
02/05/2016;;DA;Tar Pag Sal Cred Conta;;-R$ 6,80 ;
02/05/2016;;DA;Tar Pag Sal Cred Conta;;-R$ 3,40 ;
02/05/2016;;DA;Tar Lib/Ant Float Pg Sal;;-R$ 1,07 ;
02/05/2016;;DA;Tar Lib/Ant Float Pg Sal;;-R$ 1,69 ;
02/05/2016;708;298262;Editora Jornal do Estado Ltda. - Publicação de Edital do CRO/PR;;-R$ 336,00 ;
02/05/2016;753/54;298287;Rosângela Pironti de Castro - Diária e custeio KM pela participação no treinamento dos presidentes de mesa do processo eleitoral do CRO/PR na sede do CRO/PR - 25/04/2016.;;-R$ 786,80 ;
02/05/2016;763;298296;Marta Sakurai - Diária pela participação no treinamento dos presidentes de mesa do processo eleitoral do CRO/PR na sede do CRO/PR - 25/04/2016.;;-R$ 536,00 ;
02/05/2016;764;298297;Karla Cristiani Coury Garla - Diária pela participação no treinamento dos presidentes de mesa do processo eleitoral do CRO/PR na sede do CRO/PR - 25/04/2016.;;-R$ 536,00 ;
02/05/2016;768;298301;Global Extintores Ltda. - Recarga de extintores Sede do CRO/PR;;-R$ 518,00 ;
02/05/2016;774;298307;SPS Comércio de Equipamentos Ltda. - Manutenção - Reparo em Bomba de Ar Condicionado da Sede;;-R$ 620,00 ;
02/05/2016;777;298310;Leandro Alberto Bernardi - Aluguel da Regional de Paranaguá - 04/2016;;-R$ 750,00 ;
02/05/2016;778;298311;Aline Maria Zandavali Gruber - Reembolso de anuidade 2016 por cancelamento de inscrição;;-R$ 459,63 ;
02/05/2016;797;298330;Trade Comunicação e Marketing SS Ltda. - Serviços de Publicidade - produção, criação e irradiação. C.P. 001/2015;;-R$ 23.960,25 ;
02/05/2016;804;298337;Almaq Equipamentos para Escritório Ltda. - Locação de Impressoras Multifuncionais - 03/2016;;-R$ 1.817,40 ;
02/05/2016;;DA;Pagamento Telefone;;-R$ 220,39 ;
02/05/2016;;DA;Pagamento energia elétrica;;-R$ 414,17 ;
TOTAL DO DIA 02/04/2016;;;; R$ 149.495,00 ;-R$ 36.356,31 ;
03/05/2016;;;Prestação de Contas Uniforme; R$ 17,60 ;;
03/05/2016;;;Arrecadação; R$ 599,24 ;;
03/05/2016;;;Arrecadação; R$ 1.664,81 ;;
03/05/2016;;;Arrecadação Bradesco; R$ 36.702,66 ;;
03/05/2016;776;298309;Junta Comercial do Paraná - Custas Processuais - CRO/PR ;;-R$ 97,00 ;
03/05/2016;825;298358;Dental Uni Planos Odontológicos - Referente Despesa de Plano Odontológico dos Funcionários do CRO/PR - 04/2016;;-R$ 607,92 ;
03/05/2016;826;298359;Alcatron Alarmes Monitorados - Referente Despesa com Monitoramento da sede do CRO/PR - 04/2016;;-R$ 426,56 ;
03/05/2016;827;298360;Ipê Informática Ltda. - Licitação - Provimento de acesso à Internet do CRO/PR - 04/2016;;-R$ 2.500,00 ;
03/05/2016;828;298361;M. J. Ferreira Distribuidora - FMO - Materiais de Copa e Cozinha - Sede do CRO/PR;;-R$ 374,22 ;
03/05/2016;829;298362;Banco do Brasil - Recolhimento do FGTS - Funcionários - do mês de abril de 2016;;-R$ 12.431,80 ;
03/05/2016;830;298363;Banco do Brasil - Recolhimento do FGTS - Menor aprendiz - do mês de abril de 2016;;-R$ 24,83 ;
03/05/2016;831;298364;Sindifisc - Sindicato dos empregados dos Cons. Fiscalização - Referente Despesa com contribuição sindical - 04/2016;;-R$ 114,66 ;
03/05/2016;832;298365;Monte Belo Empreendimentos Imobiliários Ltda. - Aluguel da Regional de Londrina - 04/2016;;-R$ 3.577,72 ;
03/05/2016;833;298366;Condomínio Twin Towers - Condomínio da Regional de Londrina - 04/2016;;-R$ 1.119,35 ;
03/05/2016;834;298367;Centro Empresarial Pedro Basso - Condomínio da Regional de Foz do Iguaçu - 04/2016;;-R$ 455,78 ;
03/05/2016;835;298368;Onserv Serviços Terceirizados Ltda. - Grupo Zanardo - Limpeza da Reg. de Cascavel - 04/2016;;-R$ 159,45 ;
03/05/2016;836;298369;Condomínio Edifício Centro Comercial - Condomínio da Regional de Umuarama - 04/2016;;-R$ 501,63 ;
03/05/2016;837;298370;Rosali Zanon Fajardo - ME - Produtos de Copa e Cozinha NF 2371;;-R$ 1.036,80 ;
03/05/2016;838;298371;Sândalo Imóveis Ltda. - Aluguel da Regional de Maringá - 04/2016;;-R$ 798,44 ;
03/05/2016;839;298372;Fabesul Distribuidora Ltda. - Aquisição de produtos de copa e cozinha NF 332.716;;-R$ 424,30 ;
03/05/2016;840;298373;Tcd Processamento de Dados Ltda. - TeleCorp - Sistema de Informática. Ref. .04/2016;;-R$ 209,83 ;
03/05/2016;841;298374;DIOE - Departamento de Imprensa Oficial do Paraná - Publicação de edital do CRO/PR 15/04/16;;-R$ 168,00 ;
03/05/2016;842;298375;Editora o Estado do Paraná - Publicação de Edital do CRO/PR - NF 29672;;-R$ 260,00 ;
03/05/2016;854;298387;Arquimax Equipamentos para Escritório Ltda. - Etiquetas numerárias para o arquivo;;-R$ 100,00 ;
03/05/2016;859;298392;A. E. Comércio de Elevadores e Peças Ltda. - Fiel - Troca e Manutenção das lâmpadas do Elevador da Sede do CRO/PR;;-R$ 96,08 ;
03/05/2016;860;298393;Duplique Créditos e cobrança s/c Ltda. - Referente Condomínio do Ed. Palácio do Café da Reg. Paranaguá 04/2016;;-R$ 362,20 ;
03/05/2016;862;298395;Evidência Empreend imobiliários Ltda. - Aluguel e condomínio da Regional de Guarapuava 04/2016;;-R$ 1.041,14 ;
03/05/2016;863;298396;Ever Clean Higiene e Serviços Ltda. - Higienização dos banheiros e auditório da Sede do CRO/PR;;-R$ 189,00 ;
03/05/2016;;DA;Tarif Adic Cheque Compensado;;-R$ 26,35 ;
03/05/2016;714;298268;Dirce Silva Souza - Diarista - Regional de Paranaguá - 26/04/2016;;-R$ 65,00 ;
03/05/2016;755;298288;Christine Paschenda Pereira Pinto - Diária de representação pela participação no treinamento dos presidentes de mesa do processo eleitoral do CRO/PR na sede do CRO/PR - 25/04/2016.;;-R$ 134,00 ;
03/05/2016;756;298289;Rute Dalla Rosa Dos Santos Nakano - Diária de representação pela participação no treinamento dos presidentes de mesa do processo eleitoral do CRO/PR na sede do CRO/PR - 25/04/2016.;;-R$ 134,00 ;
03/05/2016;766;298299;Mariângela de Assis Gomes Fortes - Diária de representação pela participação no treinamento dos presidentes de mesa do processo eleitoral do CRO/PR na sede do CRO/PR - 25/04/2016.;;-R$ 134,00 ;
03/05/2016;780;298313;Lidiane Keila Thibes - Reembolso de anuidade 2016 de pagamento sem desconto;;-R$ 22,98 ;
03/05/2016;781;298314;Liciane KelliThibes - Reembolso de anuidade 2016 de pagamento sem desconto;;-R$ 22,98 ;
03/05/2016;782;298315;Clinica Odontológica Maria Consuelo De Souza Martins & Cia Ltda. - ME - Reembolso de anuidade 2016 por cancelamento de inscrição anterior a 31/03/2016;;-R$ 183,84 ;
03/05/2016;784;298317;Marcia Regina Fajardo Do N. Abdnor - Reembolso de anuidade 2016 de pagamento sem desconto;;-R$ 22,98 ;
03/05/2016;787;298320;Adriano Massakazu Sakurada - diária de representação para ministrar audiências de conciliação e instrução de processos éticos na Regional de Cascavel - tarde (31/03/2016);;-R$ 134,00 ;
03/05/2016;789;298322;Susane Carolina Luhm Crivellaro - Diária de representação pela participação na reunião da comissão de gestão pública na Sede do CRO/PR - 14/04/2016;;-R$ 134,00 ;
03/05/2016;809;298323;Shozo Miyachi - Diária de Representação para participação na Reunião da Comissão de Gestão Pública na Sede do CRO/PR - 14/04/2016. ;;-R$ 134,00 ;
03/05/2016;791;298324;Maria Lucia Correa Salles - Diária de representação pela participação na reunião da comissão de gestão pública na Sede do CRO/PR - 14/04/2016;;-R$ 134,00 ;
03/05/2016;792;298325;Gustavo Silva De Lacerda - Diária de representação pela participação na reunião da comissão de gestão pública na sede do CRO/PR - 14/04/2016;;-R$ 134,00 ;
03/05/2016;794;298327;Christine Paschenda Pereira Pinto - diária de representação pela participação na reunião da comissão de gestão pública na Sede do CRO/PR - 14/04/2016;;-R$ 134,00 ;
03/05/2016;796;298329;Katia Regina Da Silva Ribeiro - Diária de representação para presidir palestra no curso de odontologia da PUC/PR em Curitiba - 12/04/2016;;-R$ 134,00 ;
03/05/2016;812;298345;Brian S Bittencourt Entregas Rápidas - ME - FOX - Serviços de entrega. Período 16/03/2016 - 13/04/2016;;-R$ 265,00 ;
03/05/2016;814;298347;Jose Roberto Pinto - Reembolso de parcela da anuidade 2016 por motivo de pagamento em duplicidade;;-R$ 275,76 ;
03/05/2016;815;298348;Elise Lumy De Freitas - reembolso de desconto a ser concedido - anuidade 2016;;-R$ 22,98 ;
TOTAL DO DIA 03/04/2016;;;; R$ 38.984,31 ;-R$ 29.324,58 ;
04/05/2016;;;Fechamento Suprimento de Fundo; R$ 5,65 ;;
04/05/2016;;;Fechamento Suprimento de Fundo; R$ 10,10 ;;
04/05/2016;;;Arrecadação; R$ 343,47 ;;
04/05/2016;;;Arrecadação; R$ 685,69 ;;
04/05/2016;;;Arrecadação Bradesco; R$ 8.158,15 ;;
04/05/2016;762/785;298341;Aline Tiemi Watanabe Demetrio - Diária e ajuda de custeio KM pela participação no treinamento dos presidentes de mesa do processo eleitoral do CRO/PR na sede do CRO/PR - 25/04/2016.;;-R$ 624,90 ;
04/05/2016;818;298351;Reginaldo Florentino Da Silva - diária pela participação no treinamento dos presidentes de mesa do processo eleitoral do CRO/PR na sede do CRO/PR - 25/04/2016;;-R$ 536,00 ;
04/05/2016;824;298357;Msaad Imóveis Urbanos & Rurais - Marcus Mauricio - Aluguel da Regional de Ponta Grossa - 04/2016;;-R$ 1.511,52 ;
04/05/2016;852;298385;Condomínio Intercenter - Condomínio da Regional de Maringá - Sala 0705 - 04/2016;;-R$ 558,59 ;
04/05/2016;853;298386;Condomínio Intercenter - Condomínio da Regional de Maringá - Sala 0704 - 04/2016;;-R$ 401,66 ;
04/05/2016;750;298284;Custas Processuais - Justiça Federal - Depósito Judicial - Jane M. Colletes;;-R$ 3.946,59 ;
04/05/2016;761;298294;Maria Lucia Pereira Franzon - Diária pela participação no treinamento dos presidentes de mesa do processo eleitoral do CRO/PR na sede do CRO/PR - 25/04/2016.;;-R$ 536,00 ;
04/05/2016;771;298304;Suprimento Fundo - Daniela Baú - Cascavel nº 02/2016;;-R$ 400,00 ;
04/05/2016;808;298318;Carolina Schimitt Walker - 03 diárias de representação para ministrar audiências de conciliação e instrução de processos éticos na Regional de Cascavel - manhã (31/03/2016) - manhã e tarde (01/04/2016);;-R$ 402,00 ;
04/05/2016;849;298382;Rosana Dos Santos - reembolso de anuidade 2016 por pagamento em duplicidade;;-R$ 470,36 ;
04/05/2016;864;298397;TGEX Transportes - Referente mensalidade da locação de veículos da frota do CRO/PR - 04/2016 ;;-R$ 7.269,38 ;
TOTAL DO DIA 04/05/2016;;;; R$ 9.203,06 ;-R$ 16.657,00 ;
05/05/2016;;;Arrecadação; R$ 822,60 ;;
05/05/2016;;;Arrecadação; R$ 804,88 ;;
05/05/2016;;;Recebimento de Aluguel Sede Antiga - mês Abril/2016; R$ 9.655,75 ;;
05/05/2016;;;Arrecadação Bradesco; R$ 9.941,14 ;;
05/05/2016;;;Tarifa Adic Cheque Compensado;;-R$ 7,99 ;
05/05/2016;783;298316;Maeli Ramos Lourenco Pinto - Reembolso de anuidade 2016 por cancelamento de inscrição;;-R$ 45,97 ;
05/05/2016;806;298339;Laerte Pedrinho Toaldo - ME - Estacionamento Via Veneto  - Estacionamento rotativo - Eleições 2016;;-R$ 100,00 ;
05/05/2016;817;298350;Roberto Eluard Da Veiga Cavali - diária pela participação no seminário de transparência e boas práticas nos conselhos de fiscalização profissional organizado pelo TCU em Porto Alegre/RS - 25/04/2016;;-R$ 670,00 ;
05/05/2016;819;298352;Fabio Zardo - diária de representação pela participação no treinamento dos presidentes de mesa do processo eleitoral do CRO/PR na sede do CRO/PR - 25/04/2016;;-R$ 134,00 ;
05/05/2016;850;298383;Selma Regina Zaioncz - reembolso de anuidade 2016 por pagamento em duplicidade;;-R$ 67,52 ;
05/05/2016;851;298384;Marcia Midori Takahashi De Oliveira Lima - reembolso de anuidade 2016 por cancelamento de inscrição até 31/03/2016;;-R$ 183,87 ;
05/05/2016;865;298398;Condomínio Edifício Comercial Itália - Condomínio reg. Pato Branco - 04/2016;;-R$ 200,00 ;
05/05/2016;866;298399;Heráclito Ferreira Dias - Aluguel da Regional de Sto. Antônio - 04/2016 ;;-R$ 300,00 ;
05/05/2016;;DA;Pagamento Telefone;;-R$ 179,92 ;
TOTAL DO DIA 04/05/2016;;;; R$ 21.224,37 ;-R$ 1.889,27 ;
06/05/2016;;;Reembolso Ajuda de custo Uniforme; R$ 12,70 ;;
06/05/2016;;;Arrecadação; R$ 639,25 ;;
06/05/2016;;;Arrecadação; R$ 1.289,81 ;;
06/05/2016;;;Arrecadação Bradesco; R$ 12.360,10 ;;
06/05/2016;868;298401;B. C. V. Trentin Comércio de Alimentos Ltda. - ME - Gêneros de alimentação. Reunião do CRO/PR;;-R$ 540,00 ;
06/05/2016;869;298402;Condomínio Edifício Cathedral Center - Condomínio da Regional de Ponta Grossa mês 04/2016;;-R$ 285,81 ;
06/05/2016;870;298403;Tecnoponto Tecnologia Avançada em Controle de Ponto de Acesso Ltda. - Sede - Bobinas para a Máquina de Controle de Ponto;;-R$ 240,00 ;
06/05/2016;871;298404;Junta Comercial do Paraná - Custas Processuais - CRO/PR ;;-R$ 44,20 ;
06/05/2016;874;298407;A. E. Comércio de Elevadores e Peças Ltda. - Fiel - Serviços de troca e Manutenção das lâmpadas do Elevador da Sede do CRO/PR;;-R$ 199,12 ;
06/05/2016;875;298408;Senffnet Ltda. - Cartão Combustível Funcionários do CRO/PR do Mês de 05/2016;;-R$ 6.642,65 ;
06/05/2016;876;298409;Senffnet Ltda. - Cartão Combustível Frota da Fiscalização do CRO/PR do Mês de 04/2016;;-R$ 2.389,34 ;
06/05/2016;;Arq. Bco;Diárias Funcionários - Serviços Eleitorais;;-R$ 7.896,00 ;
06/05/2016;767;298300;Adão Gomes de Souza - Serviços de eletricista - Regional de Cascavel;;-R$ 600,00 ;
06/05/2016;800;298333;Wladimir Kitagawa - Manutenção em Impressora da Regional de Londrina;;-R$ 98,00 ;
06/05/2016;816;298349;Ledamara Procópio Da Silva - Reembolso de anuidade 2016 por cancelamento de inscrição anterior a data de 31/03/2016;;-R$ 45,97 ;
06/05/2016;858;298391;Roberto Eluard da Veiga Cavali - diária de representação pela abertura do I simpósio sobre uso racional de medicamentos em Curitiba - 2016;;-R$ 167,50 ;
06/05/2016;872;298405;Nota 10 Publicações Ltda. - ME - Serviços de Assessoria de Imprensa e diagramação da Revista - 03/2016 - NF 239;;-R$ 3.540,00 ;
06/05/2016;877;298410;Cristiane Gisselda Gobo - Aluguel da Regional de Cascavel - 04/2016;;-R$ 1.360,27 ;
06/05/2016;878;298411;Cristiane Gisselda Gobo - Centro Vitalle - Condomínio da Regional de Cascavel - 04/2016;;-R$ 565,45 ;
TOTAL DO DIA 06/05/2016;;;; R$ 14.301,86 ;-R$ 24.614,31 ;
09/05/2016;;;Arrecadação; R$ 435,53 ;;
09/05/2016;;;Arrecadação; R$ 1.077,99 ;;
09/05/2016;;;Arrecadação Bradesco; R$ 17.167,24 ;;
09/05/2016;;;Tar Pag Sal Cred Conta;;-R$ 30,60 ;
09/05/2016;769;298302;Olmarice Oselame - Diarista - Regional de Francisco Beltrão - 04/2016;;-R$ 60,00 ;
09/05/2016;867;298400;Fernanda Duarte de Cesário Bebidas ME - Referente a Despesa com aquisição de galões de água mineral para Sede do CRO/PR.;;-R$ 294,00 ;
09/05/2016;;DA;Pagamento energia elétrica;;-R$ 54,99 ;
09/05/2016;;DA;Pagamento energia elétrica;;-R$ 242,38 ;
09/05/2016;;DA;Vivo Celular;;-R$ 4.296,24 ;
TOTAL DO DIA 09/05/2016;;;; R$ 18.680,76 ;-R$ 4.978,21 ;
10/05/2016;;;Fechamento Suprimento de fundos; R$ 2,49 ;;
10/05/2016;;;Arrecadação; R$ 655,87 ;;
10/05/2016;;;Arrecadação; R$ 1.613,32 ;;
10/05/2016;;;Transferência - Crédito em Conta - Bradesco X Banco do Brasil; R$ 300.000,00 ;;
10/05/2016;;;Arrecadação Bradesco; R$ 19.376,34 ;;
10/05/2016;843;298376;Monital Sistema de Monitoramento de Alarme Ltda. - Monitoramento da Regional de Foz do Iguaçu 04/2016;;-R$ 131,00 ;
10/05/2016;882;298415;Luiz Fernando Boros - Diárias pela participação no processo eleitoral em Maringá no dia 12/05/2016;;-R$ 1.608,00 ;
10/05/2016;887;298420;Personal Locação e Festas Ltda. - Locação de mesas e cadeiras para eleição do CRO/PR;;-R$ 816,00 ;
10/05/2016;889;298423;Conselho Regional de Odontologia do Paraná - Custas processuais;;-R$ 29,60 ;
10/05/2016;890;298424;Everson Da Silva Biazon - Suprimentos de Fundos Nº004/2016 Procuradoria Jurídica do CRO/PR;;-R$ 1.500,00 ;
10/05/2016;891;298425;Fernanda Salema Sanches Nery do Prado - Suprimento de Fundos Nº04/2016;;-R$ 800,00 ;
10/05/2016;894;298428;Ivan Toshio Mauro - Diária pela participação no processo eleitoral Reg. Ponta Grossa;;-R$ 786,80 ;
10/05/2016;896;298429;Transportes Gritsch Ltda. - Serviço de entrega de encomendas para o CRO/PR;;-R$ 180,89 ;
10/05/2016;898;298434;Marcio Jacomel - 03 Diárias - Auxilio Eleição CRO/PR na cidade de Londrina;;-R$ 1.608,00 ;
10/05/2016;900;298436;Edson Milani de Holanda - 01 Diária de Representação Reunião Diretoria 09/05/2016 Sede;;-R$ 167,50 ;
10/05/2016;902;298438;Carmen Lucia Arrata - 01 Diária de Representação Reunião Diretoria 09/05/2016 Sede;;-R$ 167,50 ;
10/05/2016;861;298394;Condomínio Centro Empresarial Palácio do Comércio - Condomínio da Regional de Sto. Antônio - 04/2016;;-R$ 300,00 ;
10/05/2016;880;298413;Almeida & Fantinatti - Consultprev Serviços - apoio administrativo para averbação de imóvel e atualização do registro de imóvel da sede do CRO/PR;;-R$ 1.500,00 ;
10/05/2016;883;298416;Henrique Arns De Oliveira - Diárias pela participação no processo eleitoral em Foz do Iguaçu no dia 12/05/2016;;-R$ 1.608,00 ;
10/05/2016;897;298430;SPS Comercio de Equipamentos Ltda. - Manutenção de ar condicionado;;-R$ 1.400,00 ;
10/05/2016;899;298432;Cristiane Gisselda Gobo - Aluguel Sala para Eleição Regional de Cascavel ;;-R$ 325,00 ;
TOTAL DO DIA 10/05/2016;;;; R$ 321.648,02 ;-R$ 12.928,29 ;
11/05/2016;;;Arrecadação; R$ 1.854,72 ;;
11/05/2016;;;Arrecadação; R$ 3.559,73 ;;
11/05/2016;;;Arrecadação Bradesco; R$ 34.974,80 ;;
11/05/2016;775;298308;Iroselande Rocha dos Santos - Diarista Regional de Maringá - 04/2016;;-R$ 350,00 ;
11/05/2016;857;298390;Michele Peixoto Quevedo - diária de representação para palestrar no I simpósio sobre uso racional de medicamentos em Curitiba - 2016;;-R$ 134,00 ;
11/05/2016;884;298435;Joslei Carlos Bohn - 03 Diárias - Auxilio Eleição CRO/PR na cidade de Cascavel;;-R$ 1.608,00 ;
11/05/2016;901;298437;Roberto Eluard da Veiga Cavali - 01 Diária de Representação Reunião Diretoria 09/05/2016 Sede;;-R$ 167,50 ;
11/05/2016;;DA;Pagamento Telefone;;-R$ 297,18 ;
11/05/2016;;DA;Pagamento energia elétrica;;-R$ 133,26 ;
TOTAL DO DIA 11/05/2016;;;; R$ 40.389,25 ;-R$ 2.689,94 ;
12/05/2016;;;Arrecadação; R$ 1.336,12 ;;
12/05/2016;;;Arrecadação; R$ 2.259,22 ;;
12/05/2016;;;Arrecadação Bradesco; R$ 24.451,90 ;;
12/05/2016;772;298305;Ilma Alves Pereira - Diarista - Regional de Foz do Iguaçu - 03/2016;;-R$ 60,00 ;
12/05/2016;806;298339;Henrique Taglianetti - 01 Diária de Representação Reunião Diretoria 09/05/2016 Sede;;-R$ 134,00 ;
TOTAL DO DIA 12/05/2016;;;; R$ 28.047,24 ;-R$ 194,00 ;
13/05/2016;;;Arrecadação; R$ 1.662,40 ;;
13/05/2016;;;Arrecadação; R$ 509,58 ;;
13/05/2016;;;Arrecadação Bradesco; R$ 36.211,36 ;;
13/05/2016;888;298422;Tendas Araucária Ltda. - Locação de tendas para a eleição do CRO/PR;;-R$ 4.200,00 ;
13/05/2016;;Arq. Bco;Férias Funcionário - Sede CRO/PR;;-R$ 1.286,40 ;
TOTAL DO DIA 13/05/2016;;;; R$ 38.383,34 ;-R$ 5.486,40 ;
16/05/2016;;;Arrecadação; R$ 353,88 ;;
16/05/2016;;;Arrecadação; R$ 1.810,99 ;;
16/05/2016;;;Arrecadação Bradesco; R$ 4.424,59 ;;
16/05/2016;;;Tar. Pag. Sal cred conta;;-R$ 3,40 ;
16/05/2016;811;298344;M. J. Santos Estacionamento - Moriá - Estacionamento Reg. de Guarapuava - 04/2016;;-R$ 120,00 ;
16/05/2016;820/21;298353;José Álvaro B. Júnior - diária pela participação no treinamento dos presidentes de mesa do processo eleitoral do CRO/PR na sede do CRO/PR - 25/04/2016;;-R$ 786,80 ;
16/05/2016;846;298379;Suprimento Fundo - Alesandra Velasque Alves - Foz do Iguaçu nº 02/2016;;-R$ 200,00 ;
16/05/2016;856;298389;Melissa Rodrigues de Araújo - diária de representação para palestrar no I simpósio sobre uso racional de medicamentos em Curitiba - 2016;;-R$ 134,00 ;
16/05/2016;;DA;Pagamento Telefone;;-R$ 2.687,44 ;
16/05/2016;;DA;Pagamento energia elétrica;;-R$ 57,07 ;
16/05/2016;;DA;Pagamento energia elétrica;;-R$ 148,30 ;
16/05/2016;;DA;Pagamento energia elétrica;;-R$ 277,95 ;
16/05/2016;;DA;Pagamento energia elétrica;;-R$ 27,54 ;
16/05/2016;;DA;Pagamento Telefone;;-R$ 134,68 ;
16/05/2016;;DA;Pagamento Telefone;;-R$ 62,12 ;
16/05/2016;;DA;Pagamento Telefone;;-R$ 298,94 ;
TOTAL DO DIA 16/05/2016;;;; R$ 6.589,46 ;-R$ 4.938,24 ;
17/05/2016;;;Arrecadação; R$ 994,29 ;;
17/05/2016;;;Arrecadação; R$ 1.800,75 ;;
17/05/2016;;;Arrecadação Bradesco; R$ 10.931,38 ;;
17/05/2016;726;298253;Ivete Zanchetta Bach - Diarista Regional de Cascavel - 12/04/2016;;-R$ 70,00 ;
17/05/2016;;DA;Pagamento energia elétrica;;-R$ 97,44 ;
17/05/2016;;DA;Pagamento energia elétrica;;-R$ 159,57 ;
TOTAL DO DIA 15/04/2016;;;; R$ 13.726,42 ;-R$ 327,01 ;
18/05/2016;;;Arrecadação; R$ 515,06 ;;
18/05/2016;;;Arrecadação; R$ 1.063,42 ;;
18/05/2016;;;Arrecadação Bradesco; R$ 3.099,12 ;;
18/05/2016;847;298380;Suprimento Fundo - Rosinah Gruber Cordeiro - Guarapuava nº 02/2016;;-R$ 200,00 ;
18/05/2016;;DA;Tarifa. Centralização Saldo;;-R$ 58,50 ;
18/05/2016;;DA;Tarifa. Centralização Saldo;;-R$ 58,50 ;
18/05/2016;845;298378;Ivanir Karling - Diarista Regional de Pato Branco - Serviço de Limpeza e Conservação - 26/04/2016;;-R$ 70,00 ;
TOTAL DO DIA 18/05/2016;;;; R$ 4.677,60 ;-R$ 387,00 ;
19/05/2016;;;Reembolso Ajuda de custo Uniforme; R$ 24,28 ;;
19/05/2016;;;Prestação de Contas Uniforme; R$ 76,23 ;;
19/05/2016;;;Arrecadação; R$ 273,42 ;;
19/05/2016;;;Arrecadação; R$ 1.515,15 ;;
19/05/2016;;;Arrecadação Bradesco; R$ 4.666,41 ;;
19/05/2016;715;298269;Jozeli Santana Sales - Diarista da Regional de Paranaguá - 12/04/2016;;-R$ 65,00 ;
19/05/2016;793;298326;Ivete Boletta - Diária de representação pela participação na reunião da comissão de gestão pública na sede do CRO/PR - 14/04/2016;;-R$ 134,00 ;
19/05/2016;885;298418;Edifício Serraglio Trade Center - Condomínio Reg. Francisco Beltrão;;-R$ 368,83 ;
19/05/2016;;DA;Pagamento Telefone;;-R$ 916,42 ;
19/05/2016;;DA;Pagamento Telefone;;-R$ 63,50 ;
TOTAL DO DIA 19/04/2016;;;; R$ 6.555,49 ;-R$ 1.547,75 ;
20/05/2016;;;Prestação de Contas Uniforme; R$ 7,14 ;;
20/05/2016;;;Arrecadação; R$ 364,34 ;;
20/05/2016;;;Arrecadação; R$ 2.536,49 ;;
20/05/2016;;;Arrecadação Bradesco; R$ 3.871,53 ;;
20/05/2016;E - 773;298440;Lunagraf Gráfica e Editora Ltda. - ME - Impressão de Cédulas das Eleições NF 1925;;-R$ 1.190,00 ;
20/05/2016;E - 879 ;298441;Gráfica Radial Ltda. - Impressão da Revista do CRO/PR - Edições Jan/Fev/Mar - 2016;;-R$ 4.696,71 ;
20/05/2016;906;298444;Associação Comercial do Paraná - Referente a Despesa com mensalidade Sistema de Consulta de Profissionais - mês 04/2016;;-R$ 49,90 ;
20/05/2016;907;298445;Editora Gazeta do Povo S/A - Publicação de Edital do CRO/PR;;-R$ 415,00 ;
20/05/2016;908;298446;Associação Rodo Radio Taxi Capital - Referente a Despesa com serviços do convênio firmado com CRO/PR  mês de 04/2016;;-R$ 2.815,84 ;
20/05/2016;909;298447;Associação Rodo Radio Taxi Capital - Referente a Despesa com serviços do convênio firmado com CRO/PR  mês de 04/2016 - Voucher Eletrônico;;-R$ 617,16 ;
20/05/2016;911;298449;Ministério da Fazenda - Referente INSS Onserv - 04/2016;;-R$ 20,39 ;
20/05/2016;912;298450;Maxipas Saúde Ocupacional Ltda. - Referente a Despesa com saúde ocupacional dos Funcionários do CROPR do mês de 05/2016;;-R$ 1.078,20 ;
20/05/2016;921;298452;Energiza Tecnologia e Comercio Ltda. - Referente Bateria Notebook ;;-R$ 82,17 ;
20/05/2016;918;298453;Ministério da Fazenda - Referente IRRF sobre folha de pagamento do mês de 04/2016;;-R$ 4.278,64 ;
20/05/2016;913;298454;Nossa Serviço Temporário e Gestão de Pessoas  - RH NOSSA - Mensalidade Regional de Foz do Iguaçu - Temporário - 05/2016;;-R$ 3.366,23 ;
20/05/2016;914;298455;Monte Belo Empreendimentos Imobiliários Ltda. - Estacionamento Reg. Londrina - 04/2016;;-R$ 123,60 ;
20/05/2016;915;298457;Green Card S.A - Referente vale alimentação Ref. ao mês de maio de 2016;;-R$ 64.654,72 ;
20/05/2016;917;298464;Ministério da previdência e Assistência Social - Referente INSS sobre folha de Pagamento 04/2016;;-R$ 44.885,53 ;
20/05/2016;919;298465;Ministério da Fazenda - Secretaria da Receita Federal - Referente PIS sobre Folha de Pagamento 04/2016;;-R$ 1.649,98 ;
20/05/2016;927;298467;B. C. V. Trentin Comércio de Alimentos Ltda. - ME - Gêneros de alimentação. Eleições do CRO/PR;;-R$ 2.210,00 ;
20/05/2016;945;298472;Empresa Brasileira de Correios e Telégrafos - Referente contrato de envio de malotes de 04/2016.;;-R$ 2.364,41 ;
20/05/2016;946;298473;Empresa Brasileira de Correios e Telégrafos - Referente contrato de envio de correspondências de 04/2016.;;-R$ 105.701,93 ;
20/05/2016;947;298474;Ministério da Fazenda-Ref. Despesa com Recolhimento do IRRF - TCD - Período 30/04/2016;;-R$ 21,90 ;
20/05/2016;948;298475;Ministério da Fazenda-Ref. Despesa com Recolhimento do IRRF - Correios - Período 30/04/2016;;-R$ 12.017,11 ;
20/05/2016;949;298476;Ministério da Fazenda-Ref. Despesa com Recolhimento do IRRF - Oi - Período 30/04/2016;;-R$ 132,99 ;
20/05/2016;950;298477;Ministério da Fazenda-Ref. Despesa com Recolhimento do IRRF - Implanta - Período 30/04/2016;;-R$ 31,90 ;
20/05/2016;951;298478;Extintores Sul Ltda. - Recarga de Extintores - Regional de Ponta Grossa NF 4530;;-R$ 65,00 ;
20/05/2016;952;298479;Editora Jornal do Estado Ltda. - Publicação de Edital do CRO/PR - 18/05/2016;;-R$ 1.008,00 ;
20/05/2016;716;298271;Dircelia Vieira Kava - Diarista Regional de Ponta Grossa - Serviço de limpeza  - 15/04/2016;;-R$ 70,00 ;
20/05/2016;892;298426;Everson Da Silva Biazon - Sucumbências Evocativas de processos do CRO/PR;;-R$ 1.155,23 ;
20/05/2016;893;298427;Alexandre Rodrigo Mazzeto - Sucumbências Advocatícias de processos do CRO/PR;;-R$ 1.155,23 ;
20/05/2016;920;298458;NSI Piobonato - Referente almoço aos funcionários, mesários e presidente no dia da eleição do CRO/PR;;-R$ 1.589,48 ;
20/05/2016;925;298462;Panificadora Roncaglio Ltda. - Referente Coffe Break Reg. Foz do Iguaçu referente as eleições do CRO/PR;;-R$ 417,15 ;
20/05/2016;926;298463;Digma Sistemas Eletrônicos Ltda-ME - Referente locação de máquinas de Senha;;-R$ 480,00 ;
20/05/2016;928;298468;João Laertes Zem - Serviço de jardinagem e conservação - Sede do CRO/PR;;-R$ 490,00 ;
20/05/2016;953;298480;Trade Comunicação e Marketing SS Ltda. - Serviços de Publicidade - produção, criação e irradiação. C.P. 001/2015;;-R$ 46.630,50 ;
20/05/2016;;DA;Pagamento Telefone;;-R$ 1.690,50 ;
20/05/2016;;DA;Pagamento Telefone;;-R$ 125,61 ;
20/05/2016;;DA;Pagamento pedágio;;-R$ 182,25 ;
TOTAL DO DIA 20/05/2016;;;; R$ 6.779,50 ;-R$ 307.463,26 ;
23/05/2016;;;Fechamento Suprimento de Fundo de caixinha; R$ 33,88 ;;
23/05/2016;;;Arrecadação; R$ 309,98 ;;
23/05/2016;;;Arrecadação; R$ 1.427,83 ;;
23/05/2016;;;Arrecadação Bradesco; R$ 7.414,67 ;;
23/05/2016;;DA;Tarifa Adic Cheque Compensado;;-R$ 51,29 ;
23/05/2016;873;298406;Galbiatti Serviços de Engenharia Elétrica Ltda. - Projeto elétrico de alteração de carga - Reg. Cascavel;;-R$ 300,00 ;
23/05/2016;922;298456;Sarah Silveiro Meireles - Ref. Serviços Fotografia no dia da eleição do CRO/PR;;-R$ 250,00 ;
23/05/2016;916;298466;Icebergs Comercio de bebidas Ltda. - Referente a sucos e refrigerantes aos funcionários e mesários no dia das eleições do CRO/PR;;-R$ 233,00 ;
23/05/2016;942;298469;Laerte Pedrinho Toaldo - ME - Estacionamento Via Veneto  - Estacionamento rotativo - Eleições 2016;;-R$ 1.500,00 ;
TOTAL DO DIA 23/05/2016;;;; R$ 9.186,36 ;-R$ 2.334,29 ;
24/05/2016;;;Arrecadação; R$ 492,77 ;;
24/05/2016;;;Arrecadação; R$ 2.390,52 ;;
24/05/2016;;;Arrecadação Bradesco; R$ 6.252,51 ;;
24/05/2016;905;298443;SAGE Brasil Software S.A - Sistema de RH do CRO/PR - 04/2016;;-R$ 191,40 ;
24/05/2016;969;298481;Unimed Curitiba - Sociedade Cooperativas de Médicos - Plano de Saúde funcionários do CRO/PR - 05/2016;;-R$ 16.974,90 ;
24/05/2016;970;298482;Total Supri Embalagens Ltda. - Aquisição de Papel Toalha para a Sede - NF 1979;;-R$ 224,27 ;
24/05/2016;971;298483;Priscilla de Paula e Silva Montanini - Coffee Break - Regional de Londrina - Eleição do CRO/PR - 12/05/2016;;-R$ 178,00 ;
24/05/2016;1000;298484;Landell Comércio e Manutenção em Telecomunicações Ltda. - Reparos no sistema de telefonia da sede do CRO/PR - mudança do código de operadora - NF º. 3233;;-R$ 150,00 ;
24/05/2016;978;298491;S Fadanelli e Cia Ltda. - Restaurante Santa Felicidade - Almoço - Regional de Cascavel - Eleição do CRO/PR - 12/05/2016;;-R$ 525,00 ;
24/05/2016;979;298492;Junta Comercial do Paraná - Custas Processuais - CRO/PR ;;-R$ 44,20 ;
24/05/2016;995;298539;Luiz Fernando Boros - 06 diárias de representação pela participação na reunião da comissão eleitoral na Sede do CRO/PR - 17/03-25/04-02/05-05/05-09/05-10/05/2016;;-R$ 804,00 ;
24/05/2016;998;298542;Ivan Toshio Maruo - 04 diárias de representação pela participação na reunião da comissão eleitoral na Sede do CRO/PR - 17/03-28/04-05/05-10/05/2016;;-R$ 536,00 ;
24/05/2016;795;298328;Marli Maria Schmitt Walker - Diária pela participação na reunião da comissão técnica de odontologia hospitalar a na sede do CRO/PR - 18/04/2016;;-R$ 670,00 ;
24/05/2016;848;298381;Laura Santos Paiva - Diarista - Regional de Umuarama - 02 e 16/04/2016;;-R$ 130,00 ;
24/05/2016;980;298493;Almaq Equipamentos para Escritório Ltda. - Locação de Impressoras Multifuncionais - 04/2016;;-R$ 2.247,31 ;
24/05/2016;982/983;298495;Claudenir Rossato - 03 diárias e Jetton. Julgamento de Processos Éticos em Cascavel. 18 a 20/05/2016;;-R$ 2.345,00 ;
24/05/2016;985;298497;Marli Maria Schmitt Walker - Diária pela participação na reunião da comissão técnica de odontologia hospitalar a na sede do CRO/PR - 16/05/2016;;-R$ 670,00 ;
24/05/2016;986/987;298498;Gilce Sibonei Czlusniak - Diária pela participação na reunião da comissão técnica de odontologia hospitalar a na sede do CRO/PR - 16/05/2016;;-R$ 920,80 ;
24/05/2016;996;298540;Santo Gentil Forone - 06 diárias de representação pela participação na reunião da comissão eleitoral na Sede do CRO/PR - 17/03-25/04-05/05-06/05-10/05-12/05/2016;;-R$ 804,00 ;
24/05/2016;997;298541;Ernesto Zanetti Neto - 05 diárias de representação pela participação na reunião da comissão eleitoral na Sede do CRO/PR - 04/05-05/05-10/05-11/05-12/05/2016;;-R$ 670,00 ;
24/05/2016;999;298543;Henrique Arns de Oliveira - 03 diárias de representação pela participação na reunião da comissão eleitoral na Sede do CRO/PR - 26/04-05/05-10/05/2016;;-R$ 402,00 ;
24/05/2016;;DA;Pagamento energia elétrica;;-R$ 148,53 ;
TOTAL DO DIA 25/04/2016;;;; R$ 9.135,80 ;-R$ 28.635,41 ;
25/05/2016;;;Arrecadação; R$ 206,95 ;;
25/05/2016;;;Arrecadação; R$ 877,40 ;;
25/05/2016;;;Arrecadação Bradesco; R$ 5.734,27 ;;
25/05/2016;822;298354;Lilian Aparecida Passetti - Diária de representação para participação na Reunião da Comissão de Odontologia Hospitalar na ALEP/PR. 18/04/2016;;-R$ 134,00 ;
25/05/2016;823;298356;Regina Martins Schmitt - Diária de representação para participação na Reunião da Comissão de Odontologia Hospitalar na ALEP/PR. 18/04/2016;;-R$ 134,00 ;
25/05/2016;904;298442;Neadd Núcleo de Estudo Avançado - UFPR - Curso de Odontologia - Apoio ao II Congresso NEADD;;-R$ 5.000,00 ;
25/05/2016;981;298494;Durigan e Perusse Comércio de Gás Ltda. - ME - Aquisição de Gás Sede;;-R$ 126,00 ;
25/05/2016;984;298496;Katia Regina Da Silva Ribeiro - diária de representação para ministrar palestra aos alunos de odontologia da UFPR - Universidade Federal do Paraná - 03/05/2016;;-R$ 134,00 ;
25/05/2016;988;298499;Lilian Aparecida Passetti - Diária de representação para participação na na reunião da comissão técnica de odontologia hospitalar a na sede do CRO/PR - 16/05/2016;;-R$ 134,00 ;
25/05/2016;989;298500;Regina Martins Schmitt - Diária de representação para participação na na reunião da comissão técnica de odontologia hospitalar a na sede do CRO/PR - 16/05/2016;;-R$ 134,00 ;
25/05/2016;991;298535;Mariângela de Assis Gomes Fortes - Diária de representação para participação na na reunião da comissão técnica de odontologia hospitalar a na sede do CRO/PR - 16/05/2016;;-R$ 134,00 ;
25/05/2016;992;298536;Shozo Miyachi - Diária de Representação para participação na Reunião da Comissão de Gestão Pública na Sede do CRO/PR - 16/05/2016. ;;-R$ 134,00 ;
25/05/2016;993;298537;Susane Carolina Luhm Crivellaro - Diária de Representação para participação na Reunião da Comissão de Gestão Pública na Sede do CRO/PR - 16/05/2016. ;;-R$ 134,00 ;
25/05/2016;994;298538;Ivete Boletta - Diária de Representação para participação na Reunião da Comissão de Gestão Pública na Sede do CRO/PR - 16/05/2016. ;;-R$ 134,00 ;
25/05/2016;;DA;Pagamento fatura agua;;-R$ 340,31 ;
TOTAL DO DIA 26/04/2016;;;; R$ 6.818,62 ;-R$ 6.672,31 ;
27/05/2016;;;Arrecadação; R$ 1.578,59 ;;
27/05/2016;;;Arrecadação; R$ 1.104,05 ;;
27/05/2016;;;Arrecadação Bradesco; R$ 8.732,23 ;;
27/05/2016;;DA;Tarifa Adic Cheque Compensado;;-R$ 5,50 ;
27/05/2016;844;298377;Ivete Zanchetta Bach - Diarista Regional de Pato Branco - 19/04/2016;;-R$ 70,00 ;
27/05/2016;944;298471;Ana Maria Ferraz Kloster - Serviço de Limpeza na Regional de Guarapuava - 04 E 05/2016;;-R$ 360,00 ;
27/05/2016;977;298490;Assunta Zortea de Conto e Cia Ltda. - Coffee Break - Regional de Londrina - Eleição do CRO/PR - 12/05/2016;;-R$ 155,00 ;
27/05/2016;;DA;Pagamento energia elétrica;;-R$ 217,19 ;
27/05/2016;;DA;Pagamento energia elétrica;;-R$ 79,63 ;
TOTAL DO DIA26/05/2016;;;; R$ 11.414,87 ;-R$ 887,32 ;
30/05/2015;;;Prestação de Contas Uniforme; R$ 796,60 ;;
30/05/2015;;;Arrecadação; R$ 349,92 ;;
30/05/2015;;;Arrecadação; R$ 222,70 ;;
30/05/2015;;;Arrecadação Bradesco; R$ 8.492,46 ;;
30/05/2015;;;Transferência - Crédito em Conta - Bradesco X Banco do Brasil; R$ 300.000,00 ;;
30/05/2015;;Arq. Bco;Férias Funcionários - Sede CRO/PR;;-R$ 4.080,86 ;
30/05/2015;;DA;Tar Pag Sal Cred Conta;;-R$ 10,20 ;
30/05/2015;;DA;Tar Lib/Ant Float Pg Sal;;-R$ 4,08 ;
30/05/2015;886;298419;Vanin Olinto Gomes e Cia Ltda. - Mensalidade de estacionamento de veículo do CRO/PR;;-R$ 150,00 ;
30/05/2015;;DA;Pagamento energia elétrica;;-R$ 677,70 ;
30/05/2015;;DA;Pagamento energia elétrica;;-R$ 5.272,68 ;
TOTAL DO DIA 30/05/2016;;;; R$ 309.861,68 ;-R$ 10.195,52 ;
31/05/2016;;;Prestação de Contas Uniforme; R$ 265,68 ;;
31/05/2016;;;Arrecadação; R$ 1.464,04 ;;
31/05/2016;;;Arrecadação; R$ 900,08 ;;
31/05/2016;;;Arrecadação Bradesco; R$ 49.129,62 ;;
31/05/2016;1014;298560;Metrocard Metropolitano - Região Metropolitana - Vale Transporte - 06/2016;;-R$ 609,08 ;
31/05/2016;1016;298562;Consórcio Vem São José - Região Metropolitana - Vale Transporte - 06/2016;;-R$ 301,40 ;
31/05/2016;1018;298564;DIOE - Departamento de Imprensa Oficial do Paraná - Publicação de edital do CRO/PR - 02/05/2016;;-R$ 336,00 ;
31/05/2016;1019;298565;Editora Jornal do Estado Ltda. - Publicação de Edital de Processos Éticos do CRO/PR - 05/2016;;-R$ 672,00 ;
31/05/2016;1020;298566;Implanta Informática Ltda. - Mensalidade do sistema de informática contábil do CRO/PR - 05/2016;;-R$ 305,70 ;
31/05/2016;1021;298567;Centro de Integração Empresa - Escola do Paraná - CIEE/PR - Bolsa Auxílio Estagiários 05/2016;;-R$ 4.730,00 ;
31/05/2016;1022;298568;Fabesul Distribuidora Ltda. - Aquisição de produtos de copa e cozinha NF 336.858;;-R$ 1.507,70 ;
31/05/2016;1023;298569;Junta Comercial do Paraná - Custas Processuais - CRO/PR ;;-R$ 44,20 ;
31/05/2016;1026;298572;Condomínio Intercenter - Condomínio da Regional de Maringá - Sala 0705 - 05/2016;;-R$ 522,40 ;
31/05/2016;1027;298573;Condomínio Intercenter - Condomínio da Regional de Maringá - Sala 0704 - 05/2016;;-R$ 375,69 ;
31/05/2016;1028;298574;Fabesul Distribuidora Ltda. - Aquisição de produtos de copa e cozinha NF 334.542;;-R$ 674,00 ;
31/05/2016;923;298460;Danilo Muniz Ferreira Prestes - Referente estacionamento veículos Reg. Ponta Grossa  no dia da eleição do CRO/PR;;-R$ 180,00 ;
31/05/2016;924;298461;Evandro Cacio Floriani - ME - Referente coffee break no dia das eleições do CRO/PR;;-R$ 323,50 ;
31/05/2016;1002;298548;Restaurante Twin Towers - Restaurante - Regional de Londrina - - despesa com almoço na regional de Londrina referente aos trabalhos das eleições do CRO/PR - 12/05/2016;;-R$ 329,75 ;
31/05/2016;1006;298552;Leandro Alberto Bernardi - Aluguel da Regional de Paranaguá - 05/2016;;-R$ 750,00 ;
31/05/2016;1012;298558;Wisetech Locadora de Equipamentos Eletrônicos Ltda. - Dispensa 02/2016 - locação de equipamentos de informática, recursos técnicos e acessórios necessários à realização da eleição do plenário do Conselho Regional de Odontologia do Paraná;;-R$ 6.970,00 ;
31/05/2016;1013;298559;Viação Rocio Ltda. - Vale Transporte - Regional de Paranaguá 06/2016;;-R$ 63,00 ;
31/05/2016;1017;298563;Brian S Bittencourt Entregas Rápidas - ME - FOX - Serviços de entrega. Período 18/04/2016 - 11/05/2016;;-R$ 350,50 ;
TOTAL DO DIA 31/05/2016;;;; R$ 51.759,42 ;-R$ 19.044,92 ;
;;;;;;
;;;;;;
Entradas ;;;;;;
  Arrecadação;;;; R$ 505.715,73 ;;
Outros Créditos;;;; R$ 10.881,02 ;;
Saídas  ;;;;;-R$ 517.551,34 ;
;;;;;;
;;;;;;
;;;;;;
;;;;;;
;;;;;;
;;;;;;
;;;;;;
;;;;;;
;;;;;;
;;;;;;
;;;;;;
;;;;;;
;;;;;;
;;;;;;
;;;;;;
;;;;;;
;;;;;;
;;;;;;
;;;;;;
;;;;;;
;;;;;;
;;;;;;
;;;;;;
;;;;;;
;;;;;;
;;;;;;
